     GMT,1,2,3,4,5,6,7,8,9,10,11,12,13,14,15,16,17,18,19,20,21,22,23,24

1/1/94,    ,19,16,15,16,18,17,17,17,17,18,18,19,20,19,19,20,18,21,23,20,23,    ,26
2/1/94,21,16,9,6,9,9,9,7,9,16,15,24,25,19,20,21,20,21,22,23,26,28,    ,28
3/1/94,26,23,23,26,26,27,28,25,26,29,28,29,29,29,29,20,16,13,18,26,28,28,    ,28
4/1/94,28,23,21,21,25,26,27,25,22,21,19,17,15,15,14,12,12,13,9,9,10,13,    ,20
5/1/94,18,16,18,22,27,25,24,23,20,7,8,20,21,18,19,22,26,23,25,25,24,26,    ,25
6/1/94,23,22,24,27,28,27,27,25,22,20,19,18,15,15,12,9,13,14,14,16,18,17,    ,19
7/1/94,25,28,30,31,30,34,33,31,31,29,28,27,27,25,25,22,24,14,14,15,16,9,    ,14
8/1/94,15,8,9,9,8,8,9,12,13,13,13,15,20,21,20,17,17,18,17,16,14,12,    ,9
9/1/94,9,7,6,8,11,15,16,15,16,18,23,27,25,26,25,25,24,20,18,20,21,20,    ,31
10/1/94,37,36,37,35,33,34,33,28,21,21,20,23,28,31,24,20,17,17,16,14,14,12,    ,10
11/1/94,10,9,11,13,12,9,6,7,10,12,12,13,14,15,16,19,24,21,30,31,30,30,    ,28
12/1/94,27,30,30,28,29,29,30,31,32,32,34,    ,34,33,34,33,31,32,29,31,33,32,33,32
13/01/94,32,30,30,29,28,29,29,30,30,31,30,30,30,30,30,30,31,30,30,29,30,31,32,32
14/01/94,33,31,28,27,27,28,28,32,32,31,29,29,27,27,24,23,24,23,21,22,23,22,21,22
15/01/94,20,20,24,27,20,20,15,17,21,13,16,22,25,24,25,26,24,25,22,20,19,23,26,24
16/01/94,22,22,22,25,26,27,26,25,24,20,15,17,22,30,28,29,30,32,31,31,30,28,32,34
17/01/94,34,32,32,32,32,30,27,27,29,25,21,19,25,25,26,20,21,21,17,20,24,26,27,28
18/01/94,29,27,24,27,27,27,29,29,29,30,30,29,29,29,28,28,28,28,28,30,34,35,35,32
19/01/94,31,29,28,28,30,30,29,27,27,28,30,30,30,31,29,29,27,27,26,26,26,27,28,27
20/01/94,27,27,27,27,28,27,26,30,29,24,26,27,29,29,28,28,31,33,33,29,26,25,27,31
21/01/94,29,29,30,31,31,32,32,33,32,31,30,29,28,33,35,36,33,35,37,34,33,31,30,30
22/01/94,28,28,28,29,30,30,32,33,33,33,33,32,34,34,33,35,31,29,31,32,32,33,33,35
23/01/94,35,35,32,35,36,34,35,34,34,33,34,33,34,33,33,33,33,33,33,34,34,33,34,33
24/01/94,33,27,28,30,28,27,25,24,21,19,19,20,22,22,24,25,29,25,22,17,18,18,17,18
25/01/94,23,26,26,28,32,35,36,38,35,34,32,32,32,36,36,36,36,33,33,33,31,31,31,30
26/01/94,35,35,36,37,35,34,34,34,34,34,31,28,28,28,30,33,32,33,34,35,35,38,39,38
27/01/94,38,36,37,36,37,38,37,36,36,36,35,35,36,35,35,35,37,37,35,34,33,33,32,32
28/01/94,32,34,33,33,33,34,35,35,35,36,37,36,36,35,35,35,33,32,32,32,31,26,22,20
29/01/94,16,18,24,24,22,26,26,23,21,24,27,29,29,29,29,29,29,30,30,29,29,31,35,35
30/01/94,36,35,34,34,37,38,37,36,35,35,35,34,35,35,35,35,35,35,35,35,30,26,27,30
31/01/94,30,30,29,30,29,29,30,30,30,33,34,34,35,35,35,33,33,34,32,32,31,32,34,33
1/2/94,32,32,32,33,34,35,34,35,35,36,35,36,37,37,34,36,37,38,37,37,38,37,36,36
2/2/94,37,36,31,33,33,29,31,30,30,30,28,27,25,31,32,33,31,32,26,24,24,21,18,17
3/2/94,18,20,17,3,6,14,27,30,30,30,31,31,31,30,28,25,26,29,28,26,22,19,14,11
4/2/94,9,14,17,20,20,22,23,23,23,22,21,22,23,20,19,20,17,15,14,14,13,14,15,15
5/2/94,16,18,23,26,26,24,24,24,22,20,16,14,14,13,20,23,26,28,24,26,28,28,30,31
6/2/94,30,27,24,21,23,27,29,29,29,30,28,27,30,33,37,38,37,35,34,27,25,26,24,26
7/2/94,21,18,18,20,22,26,27,25,26,33,34,34,36,36,35,34,33,31,30,32,29,28,27,23
8/2/94,22,22,24,25,26,25,28,28,26,29,30,31,33,35,36,26,22,25,29,38,38,35,33,34
9/2/94,33,35,32,37,38,38,38,40,41,40,39,38,37,36,37,33,32,32,33,32,33,31,29,26
10/2/94,17,18,13,10,9,11,13,16,12,13,12,13,25,30,28,27,25,18,15,10,10,13,12,15
11/2/94,20,15,13,12,10,7,4,4,8,12,13,10,10,11,14,13,15,13,13,12,12,12,13,11
12/2/94,12,12,12,14,20,19,17,19,19,20,19,19,20,19,20,18,15,13,12,12,13,11,11,16
13/02/94,17,20,24,20,19,20,27,28,28,31,31,31,32,31,27,32,35,35,36,36,35,37,38,38
14/02/94,38,38,38,37,35,36,36,35,32,30,29,28,28,29,29,29,33,32,31,33,33,33,33,33
15/02/94,33,32,32,30,29,29,29,29,30,30,28,27,25,24,22,20,16,11,6,6,9,6,3,5
16/02/94,5,6,7,6,6,6,7,8,12,16,20,25,31,33,30,27,22,22,17,16,17,17,17,20
17/02/94,22,22,21,18,17,17,17,17,20,20,20,21,23,27,27,24,22,22,19,16,9,8,7,8
18/02/94,13,15,12,7,4,6,13,15,17,17,13,13,16,23,21,19,17,12,10,8,7,5,4,4
19/02/94,4,3,4,3,4,5,7,11,13,16,17,19,18,13,12,5,2,3,5,4,9,17,16,16
20/02/94,16,16,22,31,34,31,34,35,34,35,34,35,36,36,36,36,36,35,34,37,36,35,33,33
21/02/94,34,32,31,32,29,28,28,26,26,32,35,34,34,34,36,37,37,39,38,37,35,34,31,28
22/02/94,33,33,36,36,30,31,29,30,31,34,36,37,38,39,38,39,38,38,37,32,29,22,20,28
23/02/94,31,32,32,33,34,35,35,34,35,34,34,36,37,37,35,32,33,36,36,33,33,32,36,32
24/02/94,33,35,37,36,35,33,33,34,34,35,40,42,43,43,43,40,39,35,32,31,29,27,27,27
25/02/94,28,28,24,25,24,25,28,31,34,33,34,34,35,34,35,27,29,33,34,35,37,36,33,29
26/02/94,27,26,25,22,19,16,15,14,12,12,14,15,16,18,19,16,9,10,15,13,15,16,21,23
27/02/94,19,16,15,15,13,9,6,6,4,4,3,5,6,8,7,9,10,12,12,14,15,16,15,15
28/02/94,15,16,16,15,14,14,14,15,21,23,23,22,22,23,23,23,23,23,22,24,23,24,21,19
1/3/94,13,12,12,12,12,8,7,6,7,13,13,17,21,27,30,27,28,26,27,28,26,29,27,23
2/3/94,24,22,19,18,21,21,23,27,28,29,32,29,34,38,36,36,35,32,30,28,33,33,33,33
3/3/94,33,34,39,42,43,45,43,43,41,38,38,36,39,38,38,36,35,33,33,34,35,31,32,31
4/3/94,26,25,26,26,28,28,28,32,33,34,36,35,33,32,33,34,32,32,31,30,29,28,27,26
5/3/94,27,27,29,29,31,33,35,34,40,45,45,45,45,45,43,40,39,39,42,39,39,38,39,37
6/3/94,36,36,35,36,37,35,36,37,39,39,38,37,36,36,36,36,36,36,35,35,34,34,34,33
7/3/94,33,38,40,40,39,39,40,39,39,38,38,41,40,    ,31,32,29,28,28,27,26,25,23,21
8/3/94,21,23,24,24,24,22,21,23,23,25,21,23,25,25,24,31,44,40,37,36,37,37,35,36
9/3/94,35,36,37,38,36,37,36,35,34,36,37,38,41,43,43,42,40,37,38,35,41,39,42,41
10/3/94,41,44,45,45,45,44,43,43,36,37,38,38,35,36,35,36,36,34,31,33,35,35,33,32
11/3/94,32,33,33,34,34,34,43,46,43,41,44,43,43,41,40,40,40,39,38,35,35,34,33,34
12/3/94,37,35,36,37,37,36,36,36,36,35,35,37,39,40,39,40,43,45,41,38,35,34,33,37
13/03/94,36,38,41,41,44,47,47,46,44,41,45,43,40,38,37,36,39,41,40,39,42,42,38,32
14/03/94,32,34,37,36,37,37,37,37,40,40,42,42,40,39,39,37,37,37,34,36,36,36,35,33
15/03/94,32,33,29,31,30,34,35,30,33,36,38,42,44,45,43,41,39,40,41,43,39,40,40,41
16/03/94,39,36,40,38,39,37,37,40,40,41,42,43,43,45,46,46,43,42,44,44,43,39,38,38
17/03/94,37,39,39,39,37,38,37,37,35,37,38,38,37,38,39,38,38,38,37,34,32,34,34,37
18/03/94,33,34,32,36,36,33,34,33,34,31,34,34,37,40,41,39,39,41,41,40,40,44,44,43
19/03/94,41,42,43,42,40,43,42,39,39,39,40,40,40,42,42,41,40,41,38,38,39,40,37,39
20/03/94,41,40,38,38,33,29,29,31,33,32,34,41,43,42,43,42,39,35,37,37,37,37,36,35
21/03/94,35,35,35,36,35,34,32,33,36,38,37,38,38,38,39,40,36,26,26,31,35,39,40,39
22/03/94,42,39,39,40,39,38,36,34,33,34,35,34,34,36,36,35,34,31,31,28,25,24,24,26
23/03/94,29,28,27,25,24,25,28,26,27,25,26,25,34,45,49,45,44,43,43,44,43,43,43,42
24/03/94,41,39,40,39,38,39,37,37,37,39,40,42,43,43,43,43,43,42,41,39,36,35,33,35
25/03/94,32,31,33,33,33,33,36,36,39,40,42,43,43,43,41,38,36,36,33,36,39,37,38,36
26/03/94,29,29,24,27,24,26,27,35,35,42,44,44,43,41,43,43,42,40,37,24,20,19,17,19
27/03/94,20,21,19,18,17,15,16,18,22,28,31,33,34,33,33,31,29,29,29,30,31,40,41,41
28/03/94,39,37,37,35,38,37,39,41,40,42,40,39,38,39,39,38,38,33,38,41,40,43,41,39
29/03/94,39,39,39,43,43,42,39,37,37,38,38,39,39,40,41,41,41,40,38,38,37,36,35,35
30/03/94,32,26,29,36,39,35,28,29,24,25,25,29,33,38,41,36,33,34,37,42,53,52,50,48
31/03/94,44,43,43,44,44,44,44,44,44,44,43,43,43,43,41,41,42,43,44,44,45,43,39,35
1/4/94,33,32,32,39,38,36,36,38,39,40,41,41,41,41,40,39,39,40,41,39,39,38,39,41
2/4/94,44,44,43,40,41,40,40,43,42,40,41,42,42,41,42,42,40,39,39,39,37,36,36,36
3/4/94,34,30,27,26,26,26,28,28,33,36,39,38,39,40,40,40,39,39,38,37,35,31,45,48
4/4/94,47,44,42,39,36,37,38,36,35,37,35,35,33,35,35,35,34,33,33,31,33,33,34,35
5/4/94,35,35,34,35,34,39,39,39,35,34,35,41,43,41,39,40,38,39,39,37,29,30,29,29
6/4/94,29,33,31,35,34,31,31,32,34,37,39,39,40,39,39,38,38,38,38,32,31,28,33,38
7/4/94,37,36,39,42,39,31,34,37,41,38,35,32,36,40,40,41,36,32,31,31,29,34,24,16
8/4/94,16,16,18,17,18,20,29,32,34,39,38,36,32,32,31,42,46,46,46,45,42,43,39,37
9/4/94,34,35,39,39,38,37,36,37,38,38,39,40,39,38,37,39,41,35,35,39,36,37,37,37
10/4/94,36,35,36,36,35,33,28,35,35,36,38,43,45,47,47,48,50,49,42,34,30,24,18,17
11/4/94,19,9,10,11,6,6,6,11,18,32,32,38,39,39,38,39,38,38,37,35,33,34,35,38
12/4/94,37,37,34,31,37,36,35,38,40,38,34,34,37,38,39,40,39,37,34,32,31,28,24,27
13/04/94,25,28,30,30,30,28,28,32,34,36,38,41,43,44,45,46,45,43,37,32,31,29,23,27
14/04/94,27,27,31,33,34,36,37,39,42,40,42,43,44,45,45,48,45,44,43,39,38,37,39,39
15/04/94,39,39,40,38,37,39,42,39,39,39,38,39,40,41,43,43,44,43,39,37,37,36,37,35
16/04/94,34,36,36,36,34,34,33,37,41,42,44,46,44,39,36,35,32,29,27,24,19,19,19,18
17/04/94,17,12,8,10,32,35,35,36,37,35,36,38,40,43,44,44,45,44,39,36,34,31,30,29
18/04/94,27,21,20,18,15,9,12,15,24,38,34,35,32,37,37,37,39,38,38,36,33,31,37,39
19/04/94,37,35,34,32,32,34,37,40,45,46,46,47,47,48,47,47,47,46,45,38,34,30,25,25
20/04/94,20,14,15,13,14,12,18,31,36,42,47,46,45,45,44,45,41,37,34,33,27,18,14,16
21/04/94,12,15,11,11,9,13,10,14,25,37,37,37,42,44,40,41,38,38,35,22,15,13,11,14
22/04/94,23,26,24,23,29,42,43,42,41,41,43,45,45,45,45,45,47,45,38,28,28,26,27,29
23/04/94,23,20,20,29,32,30,31,35,42,42,42,40,35,33,35,39,39,42,40,26,25,28,28,33
24/04/94,32,39,38,38,37,35,37,39,43,44,44,44,44,43,    ,41,    ,41,39,36,34,32,28,26
25/04/94,30,30,29,24,22,24,31,36,34,33,34,35,40,50,47,49,    ,46,45,42,37,31,28,32
26/04/94,26,40,44,44,43,40,39,40,41,42,42,42,45,47,46,46,    ,45,44,44,47,46,44,40
27/04/94,37,36,35,32,31,31,31,33,31,32,32,36,38,32,30,32,    ,30,30,29,28,27,27,28
28/04/94,28,28,28,27,27,26,24,25,24,23,23,23,24,24,26,26,    ,26,27,26,26,26,27,27
29/04/94,27,27,27,26,26,27,28,31,33,33,34,35,35,39,37,36,35,30,28,29,36,38,38,38
30/04/94,36,38,38,38,37,32,37,42,40,41,39,39,40,40,43,44,42,41,34,31,21,23,29,30
1/5/94,29,27,24,23,19,18,23,27,31,37,40,44,47,49,52,53,52,53,51,44,30,22,17,17
2/5/94,13,12,14,24,30,24,30,41,44,40,42,37,33,40,40,43,48,39,36,30,23,22,20,17
3/5/94,19,18,23,24,21,24,27,    ,29,31,37,40,42,41,38,46,    ,48,45,40,34,35,41,41
4/5/94,39,40,40,39,41,42,42,42,    ,42,42,42,42,40,37,35,33,31,31,31,34,36,37,35
5/5/94,34,30,28,28,28,28,29,31,34,37,40,39,36,32,29,25,23,21,21,20,37,34,26,    
6/5/94,31,23,23,24,23,24,28,    ,33,36,38,40,41,43,42,43,43,40,38,36,33,28,23,26
7/5/94,29,29,29,27,26,29,30,32,37,37,39,42,44,41,42,42,41,41,39,36,28,14,14,10
8/5/94,12,17,21,14,27,26,22,28,32,35,36,41,44,44,45,45,45,44,42,35,20,14,14,11
9/5/94,9,6,10,7,4,5,6,10,23,39,    ,    ,    ,    ,    ,    ,    ,    ,    ,    ,    ,    ,    ,    
10/5/94,    ,    ,    ,    ,    ,    ,    ,    ,    ,    ,    ,    ,41,45,46,45,45,41,40,37,35,35,35,35
11/5/94,31,31,30,27,28,29,31,32,38,40,50,50,48,50,48,45,46,48,49,49,49,50,50,51
12/5/94,51,50,48,47,48,45,45,47,48,50,57,65,71,71,66,64,61,59,62,62,57,55,55,53
13/05/94,53,52,50,48,48,47,46,46,50,52,55,59,62,60,58,59,59,56,53,48,44,47,47,48
14/05/94,46,45,43,42,42,40,39,43,47,51,56,58,58,57,58,54,53,52,52,50,50,50,52,52
15/05/94,49,50,52,55,52,51,51,49,46,43,41,42,42,42,41,43,43,43,42,44,46,44,42,42
16/05/94,40,38,38,37,37,38,38,40,41,40,41,44,45,46,45,44,43,42,42,41,41,39,38,38
17/05/94,37,39,38,39,37,37,38,40,41,42,42,43,43,43,41,39,39,41,40,39,40,39,38,37
18/05/94,37,35,33,33,30,29,34,35,37,38,42,42,44,44,44,44,44,43,41,39,36,28,24,    
19/05/94,23,24,25,22,22,21,29,36,37,38,39,39,41,43,42,40,40,39,39,39,37,37,39,37
20/05/94,37,36,34,34,33,35,35,38,41,40,41,42,43,45,45,46,46,46,47,45,46,45,44,45
21/05/94,45,43,41,39,38,40,41,40,43,44,48,50,51,52,52,51,52,53,52,51,49,50,48,45
22/05/94,44,42,42,40,41,42,43,43,43,44,47,49,49,49,50,51,51,50,51,52,52,48,50,47
23/05/94,43,38,39,38,38,38,39,40,40,40,45,47,47,48,47,48,50,49,46,44,40,39,38,40
24/05/94,39,39,41,43,44,43,44,43,43,45,46,46,47,47,47,47,44,43,43,40,38,37,36,39
25/05/94,38,38,38,39,38,41,44,45,47,46,48,48,49,48,47,46,46,45,44,44,42,39,37,33
26/05/94,31,33,34,35,37,38,38,39,40,39,40,43,42,40,39,42,43,43,42,40,38,37,33,31
27/05/94,30,29,26,24,22,16,19,37,40,41,39,40,43,44,44,43,43,43,43,41,34,27,25,21
28/05/94,18,13,16,14,16,25,29,31,37,39,42,42,42,42,43,41,36,36,38,33,36,36,36,36
29/05/94,37,38,35,33,34,32,34,38,42,43,43,44,44,45,46,47,47,46,42,35,33,30,28,22
30/05/94,20,17,15,13,11,8,14,33,41,42,46,47,    ,47,47,49,49,49,48,47,46,44,41,39
31/05/94,39,37,37,39,36,36,34,34,35,37,37,37,37,36,36,35,33,29,31,32,28,29,32,34
1/6/94,36,33,38,37,37,36,36,37,37,37,41,48,56,60,61,55,58,60,60,59,56,46,41,36
2/6/94,32,23,18,18,18,19,25,46,51,53,45,37,35,36,39,36,37,36,36,36,34,34,37,35
3/6/94,34,35,41,38,35,33,31,32,34,35,39,41,43,40,38,39,38,37,33,34,38,41,39,37
4/6/94,35,36,36,34,35,33,33,32,33,33,34,34,35,35,35,35,34,32,31,33,33,33,32,31
5/6/94,31,29,25,24,27,27,28,30,31,32,34,39,43,36,34,34,36,37,37,35,34,32,30,31
6/6/94,33,32,30,26,24,27,37,34,35,33,31,31,22,19,18,20,22,23,22,26,35,34,35,36
7/6/94,36,36,35,33,32,27,28,29,30,33,35,37,36,34,34,33,32,31,31,30,32,31,29,28
8/6/94,27,29,30,32,26,29,30,32,35,35,36,37,38,38,37,37,39,40,39,38,35,34,32,30
9/6/94,28,29,28,33,34,30,29,29,28,28,29,30,30,30,27,27,28,27,29,29,28,28,28,28
10/6/94,25,23,25,24,24,24,23,24,26,26,28,30,33,37,39,41,39,34,30,28,26,26,28,27
11/6/94,27,18,17,27,17,28,34,34,33,31,35,38,36,36,36,35,35,35,34,35,34,32,33,33
12/6/94,31,30,26,19,14,13,22,26,25,27,27,26,26,27,29,28,28,29,28,26,22,18,12,9
13/06/94,6,5,4,4,6,9,14,15,22,22,21,25,28,34,35,33,34,34,33,31,28,30,33,33
14/06/94,34,33,33,33,35,36,34,34,35,37,37,37,37,38,40,41,41,40,37,39,37,37,36,36
15/06/94,38,38,40,44,42,44,41,39,36,32,32,34,32,31,32,33,34,35,35,34,33,31,34,34
16/06/94,34,35,34,32,32,33,35,35,32,31,30,29,29,29,27,26,28,28,27,27,22,20,19,23
17/06/94,26,27,22,22,21,23,24,27,26,26,28,27,30,35,34,29,27,30,32,30,30,29,26,24
18/06/94,24,24,26,25,26,26,27,27,27,28,28,29,28,27,26,25,27,28,29,30,29,27,27,24
19/06/94,24,23,22,23,27,31,32,33,34,36,37,37,39,38,40,39,39,37,35,30,28,27,28,24
20/06/94,22,20,21,20,18,17,17,20,24,25,30,33,33,34,34,35,35,33,32,32,32,32,33,31
21/06/94,29,33,33,33,34,32,31,28,25,31,34,35,34,33,33,31,26,28,25,23,22,20,20,22
22/06/94,24,26,25,27,29,27,26,28,29,27,    ,26,26,28,29,29,29,29,28,27,26,26,26,24
23/06/94,23,16,15,15,13,15,16,18,21,23,24,24,27,30,29,30,30,30,29,29,21,12,17,18
24/06/94,14,16,19,17,17,20,28,36,39,50,61,62,58,50,59,63,67,63,55,53,46,37,31,25
25/06/94,19,25,43,46,42,39,39,35,32,31,30,30,31,32,30,32,30,27,21,23,21,20,17,18
26/06/94,21,15,18,20,16,15,18,22,23,26,27,28,29,29,28,27,25,24,24,25,26,25,    ,24
27/06/94,26,26,24,22,22,22,21,20,20,22,23,26,26,29,28,28,26,24,26,27,26,26,    ,24
28/06/94,25,28,29,31,31,32,33,33,35,37,38,39,41,45,49,60,54,47,43,38,39,36,    ,32
29/06/94,31,28,27,24,24,24,23,23,24,27,26,27,29,31,30,30,30,31,30,29,29,28,    ,27
30/06/94,28,20,17,17,17,15,20,28,32,32,31,35,38,37,36,38,40,38,37,33,25,19,    ,12
1/7/94,15,18,17,15,16,18,23,30,32,38,43,46,46,47,46,49,40,38,33,29,27,27,    ,29
2/7/94,29,27,26,30,33,33,32,30,30,32,33,35,43,38,44,46,50,50,46,41,36,32,    ,30
3/7/94,28,28,28,28,29,25,23,25,25,29,33,31,35,42,43,44,48,44,33,30,29,32,31,35
4/7/94,30,21,18,18,14,14,18,21,24,22,26,29,33,35,32,37,41,40,37,33,35,27,29,24
5/7/94,21,22,22,26,29,26,25,26,31,26,24,26,30,32,32,31,32,33,33,31,27,26,29,25
6/7/94,25,37,32,28,18,21,21,27,38,37,38,38,38,38,40,42,32,25,21,24,25,27,27,28
7/7/94,32,32,35,34,33,35,36,40,47,47,50,33,30,35,40,44,44,45,39,30,30,31,31,36
8/7/94,30,17,18,21,19,25,23,27,31,37,    ,49,49,49,48,41,39,39,39,35,25,16,8,5
9/7/94,7,5,7,11,14,17,24,23,22,22,    ,27,27,27,30,32,33,33,33,31,31,31,30,30
10/7/94,28,27,27,26,26,25,23,23,25,27,    ,29,29,28,29,28,27,27,29,28,30,29,27,27
11/7/94,27,26,24,25,26,23,26,29,31,31,    ,24,21,21,22,24,25,27,27,28,27,25,22,18
12/7/94,14,15,17,15,12,5,7,16,19,20,    ,29,30,30,29,28,28,21,21,21,20,23,21,18
13/07/94,15,9,6,6,8,8,9,18,23,29,    ,30,31,31,32,37,38,35,34,31,26,25,19,10
14/07/94,6,7,6,6,6,2,4,15,23,32,    ,34,35,35,34,31,31,31,27,25,23,23,21,21
15/07/94,20,17,16,14,15,20,23,23,25,28,29,30,31,31,31,31,29,28,27,27,25,23,21,16
16/07/94,21,19,20,21,20,21,27,32,33,33,32,33,32,32,32,33,34,32,35,31,30,27,22,18
17/07/94,19,16,15,14,13,14,19,25,30,32,34,36,38,38,39,43,44,44,43,36,32,25,17,14
18/07/94,13,12,11,9,9,11,19,25,34,38,36,38,41,41,42,42,44,45,44,40,35,27,21,15
19/07/94,15,14,12,11,12,10,12,31,36,41,45,47,49,50,50,51,53,54,53,52,47,33,23,17
20/07/94,17,12,10,13,14,11,11,20,33,49,58,70,73,72,71,69,67,67,64,59,51,42,34,25
21/07/94,27,24,20,18,15,15,23,26,27,28,28,30,28,29,28,28,27,26,26,19,14,8,9,5
22/07/94,4,5,4,5,3,4,9,16,22,21,25,28,28,31,31,32,31,30,28,18,15,12,10,8
23/07/94,5,10,8,7,8,12,17,23,27,33,36,44,45,47,50,54,59,62,59,46,41,33,27,24
24/07/94,25,24,26,23,22,22,22,23,26,36,40,41,42,42,49,54,52,49,46,38,34,33,39,36
25/07/94,34,43,37,27,25,26,27,27,25,28,31,32,30,30,31,31,29,29,29,32,31,30,30,29
26/07/94,27,26,24,23,23,21,18,16,17,20,22,22,21,21,    ,20,22,24,22,22,20,21,23,27
27/07/94,24,22,24,24,23,22,20,20,22,25,29,32,32,33,    ,32,33,33,31,29,26,19,16,13
28/07/94,11,8,6,3,5,8,11,15,22,24,27,28,31,32,    ,33,33,33,32,27,14,12,10,5
29/07/94,4,4,4,2,2,3,11,16,20,30,32,31,33,36,    ,35,36,34,32,31,29,27,22,18
30/07/94,18,15,14,8,11,11,16,26,37,47,54,61,65,65,    ,71,75,72,67,60,37,38,43,41
31/07/94,45,41,43,41,40,38,38,36,35,44,44,57,57,58,    ,48,46,41,35,41,46,45,47,50
1/8/94,40,37,42,44,44,40,37,39,41,44,44,44,48,49,    ,48,41,42,34,31,25,23,21,21
2/8/94,23,22,21,23,23,27,28,30,27,28,28,28,29,28,    ,28,32,34,30,18,11,5,5,9
3/8/94,8,7,9,12,14,16,15,15,13,11,10,9,14,20,    ,20,22,28,24,    ,26,20,17,26
4/8/94,25,21,17,13,25,38,36,34,35,33,33,37,40,40,    ,34,32,31,29,27,24,23,22,23
5/8/94,24,21,19,21,21,18,18,19,16,19,24,27,26,28,    ,29,26,25,25,26,27,25,17,12
6/8/94,7,4,5,4,4,2,3,7,18,23,25,27,29,30,    ,31,31,29,24,21,19,20,22,18
7/8/94,17,18,14,11,17,17,19,21,26,23,26,27,27,28,    ,32,31,29,26,23,22,22,17,18
8/8/94,19,11,14,15,19,19,20,25,27,30,31,29,30,30,    ,32,34,31,28,17,12,17,20,19
9/8/94,15,12,13,14,16,17,22,22,26,30,31,31,29,30,31,31,32,30,30,29,29,31,33,32
10/8/94,29,28,28,29,29,28,27,27,27,27,29,30,31,31,30,30,30,31,31,33,33,33,32,32
11/8/94,29,28,30,29,24,28,29,27,29,30,31,32,33,34,    ,34,33,32,31,23,17,21,19,20
12/8/94,19,16,21,14,9,8,10,23,28,31,32,34,35,35,    ,33,32,27,24,19,18,18,16,16
13/08/94,15,13,11,10,6,5,4,8,14,21,26,26,27,25,    ,29,28,26,20,17,22,24,23,26
14/08/94,23,19,19,15,11,9,5,14,22,27,28,27,29,30,    ,31,30,29,27,25,19,16,17,17
15/08/94,15,15,14,11,10,10,14,25,31,31,30,31,31,32,30,31,29,32,32,29,21,16,9,9
16/08/94,9,6,8,7,6,5,6,7,15,20,26,24,22,29,31,33,31,29,30,31,29,28,25,24
17/08/94,23,26,24,23,21,18,18,20,24,26,26,28,30,29,29,29,23,22,22,23,25,24,28,29
18/08/94,23,20,22,18,19,16,17,29,30,28,30,27,29,27,27,26,23,19,22,20,20,23,23,17
19/08/94,16,19,21,23,22,23,23,24,26,24,23,22,20,20,21,20,20,23,25,26,23,24,25,23
20/08/94,21,19,18,17,16,17,21,22,27,28,30,30,28,28,26,24,25,24,23,21,18,16,15,15
21/08/94,13,8,10,12,13,12,10,13,18,23,23,25,26,28,28,27,27,27,23,5,6,7,7,8
22/08/94,8,8,10,12,13,15,15,15,19,23,29,37,40,42,47,49,50,42,34,33,33,32,41,38
23/08/94,37,34,36,36,39,37,34,31,30,27,24,22,21,23,28,29,30,29,25,26,24,23,29,27
24/08/94,28,26,25,27,28,24,22,24,25,28,27,27,26,30,33,32,30,29,26,26,23,23,24,21
25/08/94,19,12,10,8,12,16,15,19,25,27,28,26,29,30,28,27,26,25,24,22,20,22,28,29
26/08/94,28,29,27,27,25,27,28,27,26,25,23,23,24,23,23,24,24,23,23,21,25,27,28,26
27/08/94,22,18,17,16,17,14,17,18,19,21,21,21,22,22,23,21,20,23,25,23,20,19,20,18
28/08/94,19,19,19,21,23,25,27,    ,26,26,26,26,28,31,33,34,35,35,36,36,36,36,35,34
29/08/94,33,32,33,33,31,30,33,33,34,33,33,34,34,35,35,34,32,29,25,25,21,18,16,14
30/08/94,11,8,7,7,7,6,7,9,13,27,28,32,33,31,33,34,33,26,19,8,8,9,7,8
31/08/94,7,8,8,12,15,18,22,19,17,17,17,17,20,30,31,28,25,27,21,22,18,21,23,22
1/9/94,24,30,30,31,31,33,34,34,35,37,38,38,40,40,40,41,42,39,33,33,25,16,13,14
2/9/94,11,10,11,6,9,6,6,5,12,29,39,42,44,44,45,46,47,37,36,23,25,21,16,14
3/9/94,10,12,12,9,14,11,11,11,22,42,49,49,49,49,47,39,36,37,35,30,21,16,16,20
4/9/94,23,29,29,23,21,20,17,16,16,20,22,23,23,24,23,25,22,23,27,27,27,22,19,22
5/9/94,23,27,25,24,25,18,15,25,25,27,29,30,31,29,28,29,29,27,27,25,18,10,8,5
6/9/94,8,14,16,22,20,18,18,21,20,18,24,33,32,31,34,34,35,34,31,24,17,10,8,11
7/9/94,12,12,11,12,14,18,20,22,22,23,27,27,27,29,31,31,29,29,23,8,6,8,10,11
8/9/94,10,14,14,15,12,12,12,13,15,14,21,28,33,35,35,35,35,31,29,22,16,15,11,12
9/9/94,6,5,7,8,6,6,3,5,7,11,20,23,28,33,33,35,33,30,27,21,18,14,11,13
10/9/94,9,6,6,13,16,20,22,31,31,32,32,33,32,34,33,31,30,25,23,22,23,25,27,29
11/9/94,32,33,35,36,36,34,33,34,34,33,32,31,30,31,32,30,29,28,26,23,19,18,18,17
12/9/94,16,16,18,12,7,13,18,21,21,24,29,30,28,30,32,31,26,23,25,19,15,10,8,8
13/09/94,19,22,19,20,26,31,30,29,31,31,32,33,35,34,35,33,32,32,32,32,33,33,33,31
14/09/94,31,29,30,30,31,29,29,29,30,33,34,35,34,32,33,34,34,34,34,35,34,33,33,34
15/09/94,35,36,36,37,37,36,35,34,35,34,35,36,37,35,35,35,35,34,35,35,35,33,33,34
16/09/94,34,32,32,31,31,32,34,33,32,33,33,34,33,34,35,34,33,32,31,29,28,29,31,30
17/09/94,32,30,33,35,35,36,37,35,37,36,36,36,38,38,38,37,36,33,29,24,23,21,17,16
18/09/94,13,12,11,15,15,14,10,10,14,27,34,38,38,39,37,33,33,35,32,27,29,26,21,17
19/09/94,21,19,16,16,13,11,13,14,15,16,17,17,21,21,18,16,14,13,11,10,7,5,6,23
20/09/94,29,23,27,28,26,25,22,24,27,32,29,28,27,25,24,26,35,37,40,39,38,36,35,37
21/09/94,38,37,36,33,35,35,32,31,31,33,36,36,36,37,38,37,37,24,12,8,11,11,6,3
22/09/94,3,3,6,4,3,4,5,5,10,14,21,23,35,35,36,36,35,30,24,14,11,14,11,17
23/09/94,15,15,15,13,4,3,5,5,10,14,21,32,33,48,44,44,39,29,21,12,6,9,5,6
24/09/94,6,4,9,9,14,14,11,    ,17,20,26,29,28,28,30,31,33,32,31,31,32,31,31,31
25/09/94,32,32,32,32,31,30,31,29,29,32,32,32,33,32,33,32,31,29,26,15,15,9,9,7
26/09/94,12,16,17,16,20,30,28,28,26,26,27,31,31,29,29,29,28,28,27,27,27,27,27,26
27/09/94,24,28,30,29,30,31,29,27,24,26,31,37,44,49,49,50,45,34,29,23,12,7,6,4
28/09/94,5,8,11,18,18,23,23,19,18,21,25,23,20,19,17,20,26,24,24,23,27,30,29,30
29/09/94,30,24,31,29,23,22,20,18,17,16,17,17,17,18,16,16,16,16,16,16,19,20,19,18
30/09/94,18,20,21,22,18,19,20,18,16,17,17,19,21,21,21,21,23,23,26,28,29,24,25,30
1/10/94,30,29,30,28,30,30,28,    ,26,24,25,27,25,24,23,20,18,14,11,12,14,18,17,16
2/10/94,18,21,18,    ,    ,    ,26,26,28,27,29,28,24,23,21,20,18,15,15,20,26,34,35,35
3/10/94,34,33,35,35,33,30,31,31,30,30,30,31,31,32,31,31,28,25,18,13,19,14,15,15
4/10/94,18,18,17,20,19,24,20,19,26,30,32,31,33,33,33,32,31,30,30,28,29,28,27,27
5/10/94,26,26,28,28,23,14,11,10,15,25,29,24,26,24,21,24,23,23,25,25,24,26,27,27
6/10/94,26,25,25,25,25,25,28,32,34,34,34,34,34,34,34,34,34,34,34,35,34,34,35,35
7/10/94,33,32,32,32,31,31,30,29,28,26,27,26,27,28,29,27,27,25,24,20,22,23,21,18
8/10/94,17,10,10,12,13,11,7,6,12,20,26,26,27,28,30,27,26,21,16,12,10,8,5,5
9/10/94,5,7,5,3,3,5,9,10,17,20,24,26,28,28,26,28,24,    ,7,5,6,5,7,5
10/10/94,3,3,5,4,3,    ,5,4,6,10,21,35,42,40,43,43,32,23,16,12,6,7,5,7
11/10/94,8,5,4,5,4,3,3,4,5,5,9,15,28,38,41,37,36,32,19,16,17,16,20,23
12/10/94,25,23,19,18,14,10,8,8,5,15,29,32,34,33,34,33,25,18,13,7,5,7,5,4
13/10/94,5,4,5,4,3,4,6,6,12,12,19,25,31,33,33,30,24,16,11,8,4,3,3,3
14/10/94,2,2,2,2,3,5,4,7,13,13,13,14,17,31,53,53,41,32,14,16,11,11,8,9
15/10/94,9,6,5,8,7,8,5,5,10,13,26,23,26,31,35,37,37,35,33,33,30,31,31,29
16/10/94,28,30,29,28,25,25,24,25,27,26,27,28,29,29,30,29,29,27,26,27,27,24,22,23
17/10/94,24,23,24,23,22,22,23,22,21,26,29,30,28,27,27,27,26,23,25,23,20,20,17,13
18/10/94,15,13,14,12,11,13,12,14,23,25,25,24,20,24,24,25,22,19,16,15,15,13,13,13
19/10/94,9,7,5,4,4,6,6,7,13,16,17,16,17,15,19,19,19,19,19,17,15,10,6,3
20/10/94,2,2,3,2,2,2,2,2,2,3,11,26,29,24,17,17,17,17,22,21,23,25,22,18
21/10/94,16,15,13,12,12,9,6,9,9,12,13,15,10,12,15,17,16,15,17,20,28,34,34,31
22/10/94,25,22,22,24,25,24,22,19,18,18,23,26,28,25,20,15,13,12,11,13,17,15,15,18
23/10/94,18,20,23,23,22,25,22,22,24,25,27,28,27,26,25,25,28,31,31,32,31,30,31,32
24/10/94,32,30,27,26,25,26,28,29,31,31,33,36,38,37,35,33,32,32,33,31,31,30,30,29
25/10/94,29,28,27,27,24,23,20,20,23,24,26,27,29,30,30,27,26,24,22,19,19,20,24,21
26/10/94,23,25,25,25,17,16,16,14,16,22,    ,    ,    ,    ,    ,    ,    ,    ,    ,    ,    ,    ,    ,    
27/10/94,    ,    ,    ,    ,    ,    ,    ,    ,    ,    ,    ,    ,28,32,31,28,26,25,28,28,27,26,20,20
28/10/94,18,18,18,23,23,21,18,16,21,27,27,28,29,28,29,28,27,25,26,23,19,17,13,10
29/10/94,8,4,8,9,8,9,9,12,10,18,24,23,21,17,17,18,18,17,14,11,9,7,5,5
30/10/94,5,6,9,10,11,20,26,22,18,15,12,15,26,33,33,34,36,36,35,36,34,34,36,35
31/10/94,33,31,33,33,35,35,36,35,34,34,32,32,32,32,34,34,32,32,33,35,35,34,33,34
1/11/94,35,35,35,35,33,32,32,30,30,30,32,33,34,34,33,31,29,27,24,17,18,9,8,9
2/11/94,7,8,8,5,9,10,14,16,18,20,25,28,29,29,29,25,22,14,9,10,7,10,13,18
3/11/94,19,18,14,12,10,8,7,6,8,8,10,9,8,5,4,8,8,6,6,7,10,11,11,10
4/11/94,11,17,26,25,27,29,27,    ,19,22,23,21,19,20,25,24,21,14,11,10,6,6,7,8
5/11/94,9,12,12,12,11,14,16,17,19,17,16,14,11,10,10,7,5,7,12,13,15,18,22,23
6/11/94,23,23,23,23,23,23,20,16,17,19,24,26,29,28,27,27,25,18,14,15,13,11,12,11
7/11/94,12,8,9,10,8,10,8,14,13,18,23,28,29,26,24,21,15,12,10,12,9,8,7,6
8/11/94,7,8,12,13,14,13,11,11,13,15,18,18,17,16,18,12,12,9,8,11,8,11,8,6
9/11/94,7,6,6,6,8,9,11,13,12,12,13,15,18,18,15,20,18,21,16,11,15,21,17,13
10/11/94,16,16,15,15,15,13,12,11,10,8,11,13,16,18,17,17,18,17,16,15,12,15,14,15
11/11/94,15,14,14,15,17,17,15,14,11,14,14,14,14,14,12,12,10,10,8,7,6,5,6,8
12/11/94,6,5,2,1,2,2,2,4,2,3,11,13,12,11,9,7,5,5,3,3,2,2,1,4
13/11/94,4,13,15,24,27,27,25,30,31,34,34,35,33,31,30,29,33,33,32,30,31,30,32,32
14/11/94,28,26,29,30,31,32,34,34,33,34,33,32,32,32,32,    ,32,32,32,34,31,31,31,33
15/11/94,31,32,35,33,33,34,34,33,32,33,32,34,32,34,35,34,33,30,32,32,32,33,34,34
16/11/94,32,34,30,28,31,36,34,31,27,26,27,28,28,28,30,29,30,28,33,36,34,30,32,36
17/11/94,33,34,35,34,34,31,29,33,34,37,35,34,34,34,33,29,31,24,23,23,27,28,28,29
18/11/94,30,28,25,26,25,21,27,28,26,26,26,24,24,24,24,23,21,21,19,19,19,14,6,3
19/11/94,5,27,32,30,28,27,27,31,32,35,34,33,31,31,29,28,29,28,26,26,25,27,30,31
20/11/94,34,30,28,27,29,31,32,33,34,32,30,29,27,26,27,29,29,29,31,27,26,23,23,21
21/11/94,23,22,24,25,24,22,24,25,22,25,26,26,24,23,26,23,26,27,26,27,28,26,26,25
22/11/94,24,22,23,23,23,22,20,21,22,23,24,23,24,24,26,29,29,30,30,29,29,27,24,26
23/11/94,30,32,33,32,32,32,32,32,31,30,30,30,30,29,29,29,28,33,33,34,35,34,33,31
24/11/94,30,25,26,26,19,18,22,17,17,19,22,20,27,31,30,27,25,20,22,18,14,8,5,4
25/11/94,4,4,6,6,7,8,11,14,15,13,11,13,15,15,18,16,14,15,16,14,14,14,15,15
26/11/94,16,17,17,17,16,14,14,12,13,14,14,18,15,16,23,27,25,25,25,24,24,26,25,25
27/11/94,25,17,16,17,17,15,17,20,19,23,34,33,26,17,17,14,9,9,7,5,6,6,7,8
28/11/94,12,10,8,8,10,16,11,10,8,12,13,12,10,9,14,12,12,15,14,17,12,12,9,13
29/11/94,11,11,8,6,4,4,3,3,2,2,3,6,10,7,5,6,3,3,4,3,3,3,4,3
30/11/94,2,2,2,2,2,2,2,2,2,2,2,2,3,3,3,4,3,3,3,2,2,2,2,2
1/12/94,2,2,2,2,2,2,2,2,2,2,2,3,3,3,3,4,2,2,2,2,2,3,3,3
2/12/94,2,1,2,2,4,3,3,4,3,4,5,5,6,5,3,3,2,2,2,2,2,2,2,2
3/12/94,3,7,6,4,7,9,14,15,15,16,17,24,25,25,26,26,24,22,22,23,21,21,22,21
4/12/94,19,18,18,14,14,12,7,5,6,6,5,4,5,5,14,10,15,10,11,10,7,8,7,6
5/12/94,8,8,10,7,5,8,8,9,10,11,12,17,22,24,20,18,20,21,22,24,23,24,25,26
6/12/94,28,26,24,25,25,25,25,24,24,27,31,29,31,31,28,26,26,25,23,21,19,19,21,27
7/12/94,29,36,35,35,34,34,32,31,30,31,30,31,34,33,35,32,31,32,35,35,36,34,31,33
8/12/94,33,35,31,33,31,34,34,31,35,37,36,35,33,35,35,34,33,33,34,34,34,32,32,33
9/12/94,32,32,31,30,33,32,31,33,32,32,33,34,34,34,34,33,29,27,32,32,32,34,33,33
10/12/94,33,33,34,34,35,36,36,37,34,30,26,24,24,24,24,23,23,23,24,24,24,24,24,24
11/12/94,24,24,24,24,24,24,25,25,25,26,25,26,26,26,27,27,27,28,28,28,28,28,27,28
12/12/94,28,35,36,38,38,38,36,34,34,33,33,35,34,36,37,36,32,32,33,33,34,33,32,32
13/12/94,31,32,33,33,32,32,28,28,24,21,24,28,20,27,25,22,21,19,18,22,15,10,11,16
14/12/94,7,9,9,10,9,10,15,22,19,23,16,14,13,11,8,7,5,6,5,5,4,5,10,5
15/12/94,9,8,9,10,6,4,3,3,3,4,4,4,3,5,8,10,16,24,24,25,29,36,35,35
16/12/94,35,33,31,28,24,22,23,18,14,15,20,23,25,24,20,17,15,14,14,13,20,17,19,19
17/12/94,16,11,12,12,20,29,32,34,34,35,35,35,35,34,34,35,34,37,39,35,35,34,34,31
18/12/94,34,34,30,33,32,35,34,34,32,34,37,37,36,36,34,33,31,29,33,33,35,35,34,36
19/12/94,35,31,33,34,32,33,32,32,31,29,29,29,32,31,29,28,32,30,28,28,28,29,29,27
20/12/94,28,27,27,27,26,28,26,27,25,25,26,24,23,27,26,22,23,20,24,25,27,18,16,14
21/12/94,12,10,12,16,22,27,24,24,24,25,27,24,25,27,28,27,23,19,15,21,21,19,18,17
22/12/94,18,15,14,10,12,10,11,8,8,7,9,11,14,18,17,11,13,12,7,6,7,9,11,7
23/12/94,7,11,12,10,11,11,12,12,13,17,18,19,18,17,15,13,12,13,18,24,25,23,24,24
24/12/94,29,33,32,29,29,30,31,32,32,31,28,26,24,23,22,22,25,26,25,27,26,28,29,31
25/12/94,31,28,31,32,31,30,30,32,33,33,33,32,34,33,32,33,32,31,30,31,31,26,28,30
26/12/94,32,30,29,30,31,31,32,32,33,32,33,33,33,32,33,34,31,26,21,26,29,32,33,34
27/12/94,32,27,27,26,24,20,19,21,26,24,21,18,15,14,16,14,11,19,20,13,17,19,17,22
28/12/94,20,18,17,17,15,15,13,8,17,24,28,29,30,29,32,34,34,34,33,35,35,34,33,33
29/12/94,34,34,36,36,36,36,37,36,36,35,36,37,37,36,35,33,33,33,34,34,34,34,35,34
30/12/94,34,35,36,36,36,36,35,35,35,34,32,29,30,29,29,31,34,35,36,35,35,32,30,27
31/12/94,27,26,25,29,28,26,28,31,30,30,30,30,29,29,30,30,30,32,34,36,35,31,32,    
1/1/95,    ,32,32,32,31,33,35,35,35,35,34,34,34,34,34,34,35,34,35,36,36,36,36,37
2/1/95,36,36,35,36,35,35,35,34,34,34,34,34,34,35,33,32,30,24,25,21,20,19,20,18
3/1/95,18,13,14,14,16,15,16,17,14,15,17,15,21,21,17,10,10,12,14,18,20,19,18,16
4/1/95,16,19,16,15,15,14,14,13,13,14,14,14,14,13,12,13,11,11,10,9,9,10,10,11
5/1/95,14,14,12,14,15,16,17,23,29,30,37,35,32,30,30,30,29,29,26,29,28,26,24,24
6/1/95,23,23,22,22,22,26,25,26,27,32,32,31,31,31,31,27,25,21,18,13,10,8,7,8
7/1/95,7,8,9,14,20,25,30,32,32,31,31,30,27,25,25,24,23,21,23,23,24,24,23,27
8/1/95,34,35,35,34,33,34,32,23,24,22,26,29,30,30,31,31,31,31,31,33,33,33,31,26
9/1/95,25,27,29,30,30,29,32,33,33,34,36,36,36,36,36,36,36,34,33,33,34,35,35,34
10/1/95,34,35,36,36,36,37,37,36,35,33,28,27,25,26,23,23,27,31,32,30,21,20,19,21
11/1/95,20,26,31,28,27,33,32,30,30,28,31,30,30,31,29,26,26,28,28,26,27,27,28,28
12/1/95,28,27,26,27,28,30,31,28,27,26,21,19,21,14,15,18,16,11,18,18,20,19,24,25
13/01/95,25,23,21,19,17,15,14,14,14,13,12,11,12,15,16,14,17,21,19,24,25,23,21,23
14/01/95,23,25,26,29,29,30,33,33,33,31,    ,    ,31,36,35,33,29,26,21,16,13,13,11,12
15/01/95,10,13,12,16,11,10,15,13,16,20,21,20,27,34,34,35,34,34,34,35,35,34,34,34
16/01/95,34,34,34,34,35,35,35,35,35,35,35,34,35,34,35,34,33,33,33,31,30,29,31,34
17/01/95,35,35,34,33,32,32,30,30,32,32,32,24,19,19,16,17,26,35,38,38,37,37,39,39
18/01/95,38,37,36,36,35,35,34,34,33,33,32,32,33,33,34,33,31,29,25,27,32,31,28,29
19/01/95,31,35,35,34,31,29,28,29,29,27,28,28,28,28,20,14,22,29,25,20,21,18,19,30
20/01/95,32,31,29,29,29,28,29,35,36,36,33,31,35,34,33,34,31,29,29,29,30,31,32,33
21/01/95,33,34,34,34,34,33,33,30,29,29,30,31,30,25,24,25,28,32,29,25,25,31,39,37
22/01/95,37,37,37,37,36,36,35,35,35,35,35,34,33,35,35,35,33,32,32,33,31,33,32,33
23/01/95,33,33,32,30,28,32,31,31,31,32,31,30,31,31,31,32,34,31,30,30,30,30,31,31
24/01/95,31,31,32,31,31,33,33,32,30,31,30,31,31,30,30,28,26,27,26,28,25,24,21,19
25/01/95,19,18,12,16,19,19,16,16,14,14,14,16,15,15,14,16,20,22,22,25,21,21,22,24
26/01/95,29,32,32,34,34,34,34,32,31,28,29,32,31,30,29,22,25,23,24,27,30,30,30,30
27/01/95,30,27,26,27,22,22,19,15,22,19,21,23,27,28,30,28,14,14,11,11,11,10,9,7
28/01/95,6,17,24,22,25,30,31,31,30,29,28,30,30,30,31,30,30,28,24,23,16,14,25,28
29/01/95,26,21,23,23,23,23,23,21,25,28,29,30,32,33,33,33,33,33,34,33,33,33,34,33
30/01/95,31,30,31,30,30,30,27,26,27,24,26,27,29,29,29,23,17,18,21,14,9,10,5,4
31/01/95,5,8,15,22,32,35,39,39,38,38,39,37,36,36,37,37,36,37,38,36,34,34,32,32
1/2/95,33,33,33,32,32,32,33,32,31,31,31,32,32,33,35,34,32,32,30,31,32,33,31,30
2/2/95,29,28,18,18,14,14,15,13,12,12,12,16,20,21,28,29,25,24,30,32,32,31,33,35
3/2/95,35,36,37,38,38,38,38,37,35,35,34,35,34,34,31,31,30,31,32,32,31,30,31,29
4/2/95,30,30,29,31,36,36,36,35,35,35,34,35,35,35,35,35,34,31,26,23,19,22,23,25
5/2/95,31,31,29,29,31,31,33,33,35,34,33,33,32,32,32,30,29,28,27,27,30,31,32,34
6/2/95,32,25,26,24,25,27,29,30,30,30,30,30,28,30,30,31,30,31,30,29,33,34,34,34
7/2/95,36,37,34,37,39,37,36,35,32,32,33,34,36,35,37,32,24,21,19,16,19,19,20,28
8/2/95,30,30,30,29,29,31,32,32,33,32,31,31,31,32,32,31,28,27,28,27,27,26,24,22
9/2/95,23,24,23,25,25,25,25,25,25,27,30,31,30,29,29,29,26,25,27,27,27,28,26,25
10/2/95,26,27,27,28,28,28,27,27,28,28,28,27,26,25,22,20,19,18,18,17,16,14,11,9
11/2/95,6,6,3,3,2,2,3,3,4,8,15,23,23,20,16,14,24,33,35,40,42,41,36,36
12/2/95,36,35,37,37,37,36,34,33,32,34,35,37,39,40,40,39,39,38,37,36,35,34,34,34
13/02/95,32,28,25,25,28,30,28,25,25,29,32,32,28,26,33,39,39,37,36,37,35,34,33,32
14/02/95,31,31,31,31,32,32,31,28,27,29,30,32,32,32,33,34,35,32,26,29,35,36,39,41
15/02/95,39,40,40,38,41,39,38,36,37,37,36,37,37,38,38,37,36,35,36,37,36,34,34,34
16/02/95,34,32,32,33,34,35,37,37,36,37,38,38,38,38,35,33,32,31,29,27,27,28,35,37
17/02/95,35,33,34,33,33,32,29,28,27,29,29,34,33,35,35,33,32,28,28,27,27,30,33,34
18/02/95,32,28,29,31,30,28,25,25,27,31,31,31,33,33,33,34,38,39,39,40,40,40,40,37
19/02/95,35,33,33,33,34,33,33,33,34,34,35,35,35,35,35,36,34,32,34,34,34,36,36,37
20/02/95,39,36,36,33,31,32,30,28,27,31,34,36,36,35,35,34,32,29,25,25,24,24,21,33
21/02/95,34,32,30,28,29,31,32,33,32,31,30,29,30,31,34,34,34,34,34,32,33,35,34,36
22/02/95,35,36,36,37,37,38,38,39,39,38,40,40,40,39,39,38,35,34,33,32,32,31,32,34
23/02/95,34,33,31,32,35,35,35,35,34,34,33,35,35,35,35,35,31,31,27,25,23,19,16,15
24/02/95,12,15,15,13,13,12,11,8,6,5,11,19,26,26,24,27,26,26,27,26,21,21,20,24
25/02/95,23,21,20,27,32,33,33,31,34,34,35,36,35,35,34,33,30,24,19,22,24,27,24,23
26/02/95,20,17,18,18,21,19,15,18,17,17,21,35,34,35,35,35,35,32,28,25,28,30,25,26
27/02/95,29,27,24,27,35,34,33,31,28,26,27,28,30,29,27,29,30,28,28,29,29,27,27,28
28/02/95,30,32,33,34,38,39,39,39,37,36,36,35,32,31,31,32,33,36,37,38,40,40,38,36
1/3/95,37,34,35,33,31,25,27,29,30,32,31,32,34,34,35,34,32,31,25,20,21,33,32,31
2/3/95,34,    ,37,37,34,35,35,34,32,33,33,36,36,37,37,35,32,28,29,25,15,23,21,23
3/3/95,25,24,20,20,19,18,14,14,14,16,21,28,35,36,36,36,34,29,22,21,21,19,14,13
4/3/95,12,9,10,12,10,9,10,11,12,17,20,22,27,26,32,34,36,35,34,33,32,30,31,33
5/3/95,32,36,36,36,35,37,39,38,36,40,39,39,37,37,41,39,41,38,36,35,36,35,34,35
6/3/95,35,35,35,35,35,35,34,30,34,35,35,35,34,36,36,37,39,38,39,37,38,36,35,34
7/3/95,32,32,31,31,34,35,34,34,40,39,34,38,39,40,40,40,40,38,35,32,35,34,36,34
8/3/95,34,27,23,25,28,29,34,35,34,37,36,35,36,40,41,38,32,31,33,29,29,31,31,30
9/3/95,30,30,30,29,28,29,29,31,30,30,31,30,33,37,38,37,35,30,29,26,25,25,24,23
10/3/95,24,22,24,24,24,26,26,28,29,31,29,28,26,24,23,23,21,22,23,21,17,17,16,25
11/3/95,25,25,27,28,29,28,32,33,32,29,31,35,34,36,35,35,35,35,31,31,20,21,14,15
12/3/95,13,9,12,10,12,11,8,13,21,23,25,29,31,34,34,32,32,30,28,26,27,24,23,26
13/03/95,26,29,28,27,25,27,29,27,28,29,28,29,29,32,34,34,31,27,25,22,21,21,21,23
14/03/95,26,26,26,28,28,30,37,38,36,36,31,35,39,36,37,37,33,32,31,33,35,36,36,37
15/03/95,35,32,34,33,34,35,35,36,35,38,38,37,38,36,38,41,38,37,36,36,36,38,39,39
16/03/95,38,38,34,31,32,32,28,29,31,30,35,39,41,41,39,38,39,40,41,41,40,40,41,40
17/03/95,39,40,40,39,39,40,38,39,39,38,38,38,39,41,39,38,37,40,44,42,41,40,40,39
18/03/95,39,40,40,39,37,36,37,39,39,38,35,36,36,35,36,37,36,38,36,31,33,32,29,29
19/03/95,28,25,23,21,23,22,22,23,23,27,31,32,35,35,34,32,29,28,28,30,31,31,32,31
20/03/95,31,31,31,31,30,31,31,30,32,31,31,33,34,34,35,34,32,31,26,21,24,21,20,22
21/03/95,26,16,14,12,12,13,10,11,14,18,    ,    ,29,34,35,37,36,34,33,31,31,31,32,34
22/03/95,35,33,32,32,32,33,33,34,36,36,35,34,34,34,35,37,36,36,38,38,39,40,40,39
23/03/95,39,39,40,41,42,43,43,43,43,44,44,42,42,44,44,43,44,43,41,40,37,34,34,36
24/03/95,35,33,32,33,31,31,26,29,30,30,29,30,31,31,32,33,38,41,42,42,41,40,41,41
25/03/95,41,39,38,36,37,37,37,36,35,36,38,38,38,38,38,38,35,32,39,41,39,38,37,37
26/03/95,37,38,37,39,40,39,39,40,40,42,40,40,41,42,45,42,42,43,41,41,37,35,36,36
27/03/95,35,33,34,33,35,36,37,35,34,35,36,37,37,38,36,36,35,33,29,32,31,30,32,32
28/03/95,32,33,34,35,31,28,32,29,28,31,32,32,32,35,35,35,37,37,37,37,37,36,34,33
29/03/95,32,34,34,35,34,33,33,32,35,35,35,36,37,37,37,34,34,33,29,29,29,33,31,33
30/03/95,32,30,34,35,35,35,35,35,36,36,35,33,31,30,28,30,33,35,34,    ,33,32,32,33
31/03/95,34,35,35,34,32,31,30,30,30,34,39,39,40,39,37,36,36,36,36,33,31,27,28,28
1/4/95,25,24,26,29,30,30,29,30,32,32,33,33,32,33,32,32,32,31,31,30,28,28,24,20
2/4/95,16,16,18,19,19,19,18,18,19,22,31,34,36,37,38,38,38,37,36,37,39,44,45,45
3/4/95,43,41,39,38,37,36,36,36,36,36,38,41,41,40,39,38,38,38,38,38,38,36,34,35
4/4/95,37,35,31,27,22,20,21,29,30,34,35,38,39,38,32,32,33,33,32,30,30,26,32,33
5/4/95,31,32,33,32,34,33,35,30,29,33,34,35,35,35,35,37,36,35,35,33,31,29,29,36
6/4/95,36,43,45,45,42,35,36,40,40,40,40,39,40,39,39,37,34,30,28,31,33,31,27,22
7/4/95,27,33,33,37,39,39,39,41,40,40,39,40,40,40,40,39,34,34,32,30,24,22,20,18
8/4/95,20,19,18,18,13,17,13,13,25,29,30,30,30,32,33,36,33,33,31,15,14,12,9,7
9/4/95,6,4,4,3,4,2,3,6,25,24,25,28,29,31,31,33,31,25,28,30,26,26,31,33
10/4/95,34,34,35,38,35,39,40,40,40,39,39,41,41,36,37,40,39,34,33,34,31,29,32,32
11/4/95,31,26,26,27,28,26,24,28,30,32,36,43,44,41,38,37,39,39,36,36,37,38,38,39
12/4/95,34,34,23,18,16,16,15,22,    ,    ,    ,    ,    ,    ,    ,    ,    ,    ,    ,    ,    ,    ,    ,    
13/04/95,    ,    ,    ,    ,    ,    ,    ,    ,    ,    ,    ,    ,    ,43,44,47,49,48,45,32,16,16,13,11
14/04/95,7,6,7,5,7,6,11,15,17,35,37,37,41,47,47,44,41,41,42,42,43,44,43,41
15/04/95,41,40,40,37,38,37,37,37,39,37,38,40,42,45,44,45,44,41,39,38,38,39,39,38
16/04/95,38,41,42,43,44,43,42,43,43,43,43,42,41,41,42,43,41,39,37,40,41,41,43,44
17/04/95,44,46,45,42,41,40,45,47,46,47,44,42,42,40,42,41,40,39,38,32,37,39,37,36
18/04/95,38,38,38,36,36,34,34,35,35,35,33,32,31,31,31,31,29,32,30,29,24,20,15,14
19/04/95,13,19,21,24,27,27,27,34,36,35,35,35,35,35,35,36,35,33,31,31,31,31,30,30
20/04/95,30,30,31,32,33,32,29,35,36,38,39,38,36,37,38,33,33,32,27,25,20,19,18,20
21/04/95,20,21,22,23,20,17,18,32,35,35,35,33,35,36,37,33,34,31,29,22,21,12,14,15
22/04/95,16,20,20,21,27,28,29,29,29,34,42,46,52,49,48,47,47,49,48,49,49,49,49,48
23/04/95,46,44,41,37,32,33,31,29,31,34,39,39,40,39,40,48,47,46,41,29,24,31,31,34
24/04/95,36,36,40,38,35,37,42,40,39,42,41,41,41,40,40,41,41,44,47,49,51,50,48,46
25/04/95,46,46,46,45,44,44,44,43,43,43,43,43,41,41,41,41,42,42,41,41,42,41,40,42
26/04/95,41,40,42,42,43,43,44,44,44,44,45,45,46,47,48,47,46,46,    ,44,41,39,36,35
27/04/95,34,33,33,32,31,29,31,36,40,42,45,46,47,48,49,49,48,46,    ,37,28,24,23,22
28/04/95,22,21,22,24,22,19,17,22,45,48,49,49,49,49,48,46,47,44,    ,33,28,28,23,18
29/04/95,20,19,22,23,23,24,25,28,32,34,38,40,42,44,44,43,45,47,    ,36,34,27,25,23
30/04/95,21,15,13,11,10,11,13,14,15,16,23,32,36,39,41,43,45,45,    ,38,37,43,43,42
1/5/95,42,41,40,41,40,37,37,40,43,43,46,48,50,54,55,53,49,47,    ,34,24,17,19,18
2/5/95,21,21,22,19,18,15,16,29,43,49,53,55,59,59,58,57,58,57,    ,46,44,41,37,33
3/5/95,31,30,27,24,22,22,25,37,41,47,55,61,64,66,69,78,82,79,    ,61,55,41,37,36
4/5/95,32,18,19,25,18,13,10,24,57,76,76,80,82,84,83,82,81,80,    ,64,58,44,36,27
5/5/95,24,22,22,17,20,14,11,20,38,35,35,38,42,47,50,50,49,49,    ,39,38,28,26,24
6/5/95,22,24,22,21,21,19,14,25,34,39,40,44,43,46,47,48,48,48,    ,43,45,44,31,30
7/5/95,42,39,33,24,26,27,32,36,34,36,34,34,35,34,35,34,38,39,    ,41,41,40,39,38
8/5/95,37,40,40,38,36,37,36,35,37,39,38,38,38,37,36,36,35,33,    ,32,29,28,27,26
9/5/95,26,28,27,28,27,28,32,35,37,38,39,39,38,38,    ,35,36,35,32,30,27,27,20,23
10/5/95,32,31,32,32,35,35,35,36,36,36,37,39,40,40,40,38,37,37,37,36,34,28,24,21
11/5/95,20,23,24,25,29,31,35,39,39,39,40,41,41,40,40,40,41,40,38,29,24,25,29,27
12/5/95,25,24,22,22,20,17,24,28,33,    ,34,35,37,38,38,39,38,38,37,36,30,31,29,26
13/05/95,26,24,25,23,24,22,29,34,35,35,35,35,34,34,36,38,39,40,39,37,38,36,33,37
14/05/95,36,33,33,30,30,30,35,37,41,40,39,41,41,40,37,38,36,37,36,33,27,29,30,25
15/05/95,23,24,17,8,13,10,14,31,37,37,37,36,38,41,43,43,43,42,37,35,36,31,31,26
16/05/95,25,22,20,22,24,24,27,31,33,36,38,39,39,40,38,39,42,    ,37,38,39,37,32,35
17/05/95,36,31,29,28,25,32,33,33,34,39,41,41,43,41,43,44,42,42,41,32,21,21,16,18
18/05/95,18,14,13,10,9,7,12,31,35,35,34,37,35,36,38,37,37,36,33,32,32,28,27,30
19/05/95,28,33,34,32,29,27,29,30,37,35,41,41,41,38,41,41,42,41,37,36,35,36,33,33
20/05/95,35,34,32,33,31,35,37,38,37,37,34,36,37,36,37,34,35,35,34,30,24,13,15,16
21/05/95,12,9,9,8,11,13,19,21,28,36,38,42,44,45,45,44,42,42,41,40,38,35,37,36
22/05/95,34,36,35,33,28,28,31,36,38,41,46,50,51,49,48,48,48,46,47,47,46,40,31,31
23/05/95,23,23,24,24,20,24,25,30,36,42,51,61,62,68,73,74,73,73,70,57,48,38,34,26
24/05/95,28,33,33,33,30,31,37,39,45,45,47,48,65,73,73,74,80,70,54,48,51,52,50,43
25/05/95,42,53,38,36,34,33,31,28,29,29,30,32,35,35,37,36,36,36,35,32,28,23,19,11
26/05/95,5,11,10,11,15,22,29,30,29,31,32,34,34,37,39,39,38,36,32,30,26,25,26,25
27/05/95,27,26,26,26,25,25,25,25,24,26,31,34,33,33,38,40,37,32,30,31,32,32,32,34
28/05/95,35,29,29,31,33,30,30,31,33,37,38,36,37,39,41,40,39,40,41,40,38,38,39,39
29/05/95,39,41,41,42,41,40,41,40,39,38,37,35,38,37,37,37,36,34,33,31,30,28,28,28
30/05/95,30,27,27,29,31,32,38,37,34,33,33,36,41,41,42,40,39,39,38,36,31,30,31,24
31/05/95,14,11,14,9,9,9,22,33,33,35,35,36,35,37,37,36,35,34,33,30,29,25,27,28
1/6/95,27,30,32,33,34,36,34,35,37,37,39,40,40,38,41,39,39,39,37,37,36,33,34,34
2/6/95,33,32,32,32,32,33,34,35,37,36,38,37,33,33,31,33,33,30,29,29,27,29,29,27
3/6/95,26,30,27,28,29,28,24,21,17,16,22,27,27,27,26,25,26,28,24,26,25,23,24,23
4/6/95,20,24,28,29,28,28,29,28,26,26,28,29,33,32,27,31,32,29,28,29,28,25,12,6
5/6/95,10,7,5,4,5,9,10,16,36,36,37,36,34,33,31,30,29,26,26,27,22,25,26,24
6/6/95,24,25,24,24,27,27,28,28,29,31,31,33,35,35,30,28,28,24,22,20,18,19,24,27
7/6/95,24,29,27,26,26,25,28,29,34,33,34,36,38,40,40,34,33,32,28,26,30,30,32,33
8/6/95,34,27,31,32,33,33,30,34,34,33,32,32,33,33,32,33,34,34,34,34,35,36,35,35
9/6/95,35,35,36,36,34,32,33,32,33,33,33,36,38,41,42,44,42,37,37,35,33,30,22,20
10/6/95,15,14,13,11,13,11,15,21,21,24,21,18,22,27,19,17,26,28,30,24,21,19,17,17
11/6/95,17,17,18,20,19,18,25,28,30,31,30,28,33,33,35,33,32,31,31,30,29,30,28,30
12/6/95,29,27,27,26,26,28,32,33,34,34,34,37,39,40,40,38,39,38,35,33,30,28,24,21
13/06/95,18,18,21,23,33,35,33,34,33,33,33,34,37,39,39,36,35,35,35,34,32,30,28,24
14/06/95,24,22,22,23,21,25,26,27,26,27,28,28,29,29,29,30,30,31,29,29,21,16,15,14
15/06/95,16,16,14,11,12,9,12,16,23,23,26,34,35,35,36,31,28,24,23,22,20,16,14,13
16/06/95,12,9,11,11,9,8,11,14,21,23,23,23,24,22,24,25,25,25,25,24,24,24,25,25
17/06/95,27,29,29,29,28,26,23,21,22,24,27,28,28,29,30,30,29,29,34,32,32,33,31,29
18/06/95,28,29,26,23,28,25,25,25,25,26,26,28,27,27,28,28,29,32,33,31,31,31,31,32
19/06/95,31,27,27,25,23,22,21,19,17,15,15,14,14,15,18,17,16,16,16,14,14,13,14,14
20/06/95,15,15,13,12,13,12,11,10,10,19,27,22,24,24,27,29,29,30,28,25,22,21,14,16
21/06/95,18,23,25,26,24,19,25,27,27,27,28,29,30,32,32,32,31,31,30,28,23,20,21,19
22/06/95,16,9,8,6,5,5,6,14,22,31,31,35,37,40,42,42,42,46,43,37,35,31,24,22
23/06/95,19,23,18,16,14,14,16,24,32,32,33,36,36,37,39,41,43,43,40,34,26,21,18,19
24/06/95,18,21,21,19,18,17,18,19,21,22,21,22,24,27,29,29,27,26,23,21,20,22,22,22
25/06/95,22,24,24,22,15,20,23,18,18,19,20,19,19,17,17,18,19,19,19,17,17,17,16,14
26/06/95,14,35,37,38,48,53,57,61,69,65,59,61,63,58,55,51,47,44,47,73,64,54,53,51
27/06/95,40,31,25,25,25,26,29,30,33,36,36,40,41,44,43,44,44,45,42,40,39,40,42,40
28/06/95,37,40,42,42,37,36,39,39,41,43,44,42,42,43,44,45,46,45,45,43,38,37,32,31
29/06/95,29,25,27,25,27,24,18,26,40,43,48,55,61,65,72,77,75,74,69,59,47,35,32,33
30/06/95,28,31,23,23,21,12,18,26,46,29,27,29,31,35,36,34,34,33,32,31,31,31,31,33
1/7/95,34,31,30,29,27,27,30,30,30,31,31,31,32,34,34,35,37,38,41,35,29,18,15,16
2/7/95,14,11,8,6,6,6,8,20,34,35,32,33,35,33,32,31,29,30,28,26,27,25,18,13
3/7/95,19,25,27,29,28,27,27,29,28,29,31,34,35,33,35,39,39,37,35,34,33,33,34,35
4/7/95,32,36,35,31,29,25,24,29,28,28,29,32,34,36,39,38,37,37,35,33,29,26,22,17
5/7/95,15,11,7,6,6,14,16,23,28,24,22,19,19,20,25,28,27,24,27,28,25,27,24,19
6/7/95,19,18,18,16,16,16,16,15,15,16,17,17,17,17,17,20,22,20,20,19,19,24,28,27
7/7/95,21,22,22,22,21,20,17,20,21,22,24,26,25,27,28,28,27,26,26,24,17,6,7,9
8/7/95,7,3,2,1,2,3,5,14,23,25,27,29,30,30,31,30,28,27,24,26,27,29,28,27
9/7/95,24,22,20,20,20,22,23,26,27,29,32,33,36,39,41,41,39,36,34,33,29,23,21,20
10/7/95,19,21,21,20,19,20,22,24,26,27,30,33,39,48,53,55,50,49,48,44,41,37,34,36
11/7/95,37,41,42,41,37,36,34,36,38,36,37,43,47,42,42,40,36,31,31,30,    ,    ,    ,    
12/7/95,    ,    ,    ,    ,    ,    ,    ,    ,    ,    ,    ,    ,    ,    ,    ,    ,    ,    ,    ,    ,    ,    ,    ,    
13/07/95,    ,5,7,8,9,5,6,19,37,37,41,    ,49,47,47,50,51,52,51,48,26,15,15,13
14/07/95,13,12,13,17,23,24,21,19,26,33,36,35,27,28,28,34,36,35,33,30,30,27,24,30
15/07/95,23,22,17,18,13,11,16,22,25,24,25,29,29,34,33,28,27,25,26,24,21,16,16,31
16/07/95,32,24,27,31,32,31,29,25,27,30,31,32,32,32,32,30,31,32,33,30,24,17,17,26
17/07/95,26,27,30,28,26,25,24,21,22,24,24,25,27,30,31,30,31,31,29,28,30,29,29,33
18/07/95,32,32,30,26,26,24,21,18,20,22,24,21,18,20,26,26,27,27,27,30,31,30,26,27
19/07/95,17,10,11,5,5,11,13,7,7,11,10,11,12,12,14,16,13,13,13,11,10,10,10,11
20/07/95,10,10,9,9,9,9,10,10,10,10,11,14,16,17,19,18,17,14,13,12,12,12,16,21
21/07/95,21,21,22,26,27,24,22,21,24,23,25,27,28,28,29,31,31,30,28,27,26,26,26,27
22/07/95,25,27,27,24,25,27,27,27,26,28,28,28,28,29,29,28,28,28,27,25,26,25,23,21
23/07/95,18,22,23,24,24,22,24,26,25,25,26,27,26,26,27,27,26,26,26,27,25,24,21,19
24/07/95,19,15,12,12,8,8,10,12,25,28,28,24,22,20,17,21,23,23,19,17,9,2,5,8
25/07/95,7,7,8,7,8,7,11,23,33,47,61,61,56,54,55,58,56,53,54,44,35,30,25,13
26/07/95,16,11,10,12,14,18,27,31,35,42,48,47,51,55,58,61,68,65,64,55,47,42,41,41
27/07/95,38,32,32,30,25,22,23,29,31,41,48,56,57,56,55,57,55,52,49,41,35,24,18,11
28/07/95,12,10,10,14,19,22,35,33,35,34,32,32,32,33,33,28,24,20,17,15,17,19,18,19
29/07/95,19,19,19,17,17,18,17,22,25,25,30,34,35,35,37,37,35,35,31,28,13,9,11,7
30/07/95,7,9,10,9,11,10,17,21,28,39,55,58,61,60,55,58,61,64,57,66,60,42,38,40
31/07/95,42,41,39,35,33,32,38,42,47,51,55,66,73,70,71,74,74,72,64,53,48,49,47,40
1/8/95,38,44,48,47,49,44,45,46,44,46,52,46,37,39,41,47,58,62,57,51,44,39,40,39
2/8/95,37,38,40,41,40,36,36,37,38,40,44,47,49,53,61,64,65,64,57,51,41,35,32,30
3/8/95,25,27,27,25,26,29,32,36,37,38,37,39,40,36,35,37,38,37,35,31,27,27,24,22
4/8/95,22,25,24,23,21,20,21,22,23,23,24,25,27,30,32,33,34,34,32,31,28,28,26,23
5/8/95,19,24,26,24,24,22,22,23,23,23,23,24,25,27,29,30,31,32,33,31,28,22,18,17
6/8/95,15,18,16,15,14,12,9,13,24,27,30,33,34,34,33,38,36,34,32,30,26,24,23,21
7/8/95,20,17,16,15,14,14,18,22,24,25,24,25,25,27,27,33,29,30,28,27,22,21,22,23
8/8/95,22,15,13,12,8,6,7,21,24,26,29,    ,    ,    ,40,41,43,45,43,39,33,23,15,18
9/8/95,15,12,12,8,9,6,6,12,29,40,48,49,53,57,57,57,57,59,55,47,33,30,27,25
10/8/95,26,22,28,27,27,24,17,16,39,50,58,65,70,73,74,74,75,    ,80,74,60,46,39,36
11/8/95,33,35,32,29,28,26,28,37,57,68,68,82,90,91,88,88,92,    ,85,81,82,83,76,75
12/8/95,65,56,53,48,43,36,32,30,27,28,28,28,28,29,27,25,28,    ,21,21,18,23,21,20
13/08/95,16,14,11,11,10,8,10,18,19,22,23,25,25,25,24,25,26,    ,24,24,24,20,14,11
14/08/95,10,6,7,8,11,12,14,16,20,21,21,23,27,29,28,28,28,    ,29,29,24,19,21,16
15/08/95,14,17,16,10,9,7,9,18,23,21,24,28,29,31,32,33,33,    ,25,23,19,17,15,11
16/08/95,5,7,4,2,2,3,5,4,9,18,22,26,29,32,33,34,35,    ,32,21,10,8,9,7
17/08/95,8,13,15,10,8,7,8,11,15,26,31,39,40,41,47,54,57,57,51,45,33,33,32,30
18/08/95,23,23,24,23,17,12,13,17,21,25,33,40,    ,42,39,32,31,31,28,26,28,25,18,15
19/08/95,15,16,21,22,17,13,14,16,21,27,36,39,    ,38,40,46,53,53,55,47,34,28,23,20
20/08/95,17,14,13,12,9,10,9,6,26,44,51,68,    ,66,65,65,66,69,67,60,40,43,34,31
21/08/95,29,24,24,23,23,20,14,10,34,50,74,81,    ,86,91,91,91,90,83,77,61,47,45,34
22/08/95,31,31,24,29,25,20,33,46,43,46,44,45,    ,51,41,28,24,24,22,21,22,21,19,15
23/08/95,14,14,16,13,7,5,4,18,23,20,    ,29,28,29,31,32,33,31,30,27,27,23,22,18
24/08/95,15,13,12,11,9,8,14,21,19,18,21,22,22,22,20,17,18,17,16,16,21,21,20,23
25/08/95,31,35,33,36,35,38,37,37,31,27,25,24,24,23,20,21,21,20,17,16,17,19,22,19
26/08/95,18,19,19,21,18,18,21,21,22,24,24,22,25,26,26,25,24,25,21,10,16,19,19,19
27/08/95,24,27,28,30,29,27,26,28,27,27,28,28,29,30,29,29,27,26,25,24,25,27,23,23
28/08/95,24,24,26,27,26,27,23,26,29,31,31,31,31,33,33,33,31,28,26,25,24,23,23,22
29/08/95,17,16,16,13,13,10,13,16,16,16,17,18,17,18,18,19,19,19,17,13,12,12,10,10
30/08/95,9,7,7,5,5,6,11,13,16,20,23,26,31,30,27,29,25,19,12,9,7,8,5,3
31/08/95,2,5,2,1,3,3,4,9,11,19,21,23,26,29,27,25,27,28,27,24,21,20,17,11
1/9/95,11,7,6,5,5,3,2,2,6,13,24,24,24,25,25,22,23,19,16,14,13,10,9,12
2/9/95,21,15,23,29,25,20,15,15,21,25,25,24,24,24,25,23,23,24,23,21,21,20,20,15
3/9/95,11,7,6,6,    ,    ,21,28,29,31,32,34,36,36,39,40,38,39,38,33,33,33,33,31
4/9/95,27,25,28,22,23,22,15,19,34,33,36,37,40,39,40,36,35,31,22,21,20,19,23,22
5/9/95,18,23,25,28,30,27,19,15,16,22,24,23,23,23,21,    ,    ,    ,15,8,6,6,4,5
6/9/95,2,3,2,2,1,2,2,3,12,16,15,16,23,24,26,27,22,17,22,19,11,11,11,11
7/9/95,10,9,8,9,10,15,19,22,29,32,36,37,37,38,34,30,28,24,23,24,24,26,28,29
8/9/95,28,30,30,29,26,26,27,26,26,27,29,31,32,34,30,31,34,37,37,40,41,31,32,32
9/9/95,31,26,27,25,25,22,18,14,19,38,34,34,36,36,35,24,24,16,13,9,6,10,8,5
10/9/95,8,4,5,4,5,5,5,7,13,30,39,43,43,45,45,45,40,32,28,16,18,18,24,24
11/9/95,25,19,19,20,17,20,26,25,24,27,30,31,34,35,33,29,30,30,22,20,13,10,14,13
12/9/95,16,16,14,17,15,18,18,15,20,32,34,35,37,38,40,39,36,31,25,18,9,12,10,9
13/09/95,18,25,19,24,27,21,24,33,33,33,27,20,42,44,44,47,46,44,31,19,11,11,11,10
14/09/95,8,6,10,11,8,11,15,15,23,25,25,30,36,39,40,40,39,36,32,31,38,40,43,40
15/09/95,37,36,38,38,33,32,28,31,37,    ,31,41,40,41,39,37,29,26,15,7,7,8,5,3
16/09/95,4,5,8,5,6,7,5,6,17,33,35,34,34,37,41,37,33,28,19,12,16,14,17,23
17/09/95,21,18,15,18,18,20,19,24,25,25,27,28,30,30,31,34,33,32,32,29,29,26,27,29
18/09/95,27,30,30,32,33,34,35,35,38,38,41,41,41,41,42,42,38,32,27,19,20,24,25,23
19/09/95,24,23,23,21,21,20,17,19,25,29,30,32,33,34,30,30,29,28,24,21,21,24,19,19
20/09/95,20,19,21,19,18,19,8,10,13,25,28,30,33,36,35,35,32,32,23,19,16,14,11,10
21/09/95,5,6,5,4,5,4,3,4,5,11,14,15,20,18,18,20,22,21,19,16,18,20,18,13
22/09/95,14,15,15,14,15,15,15,16,13,27,30,33,33,33,32,31,30,28,27,25,24,20,20,15
23/09/95,14,13,14,14,13,12,12,13,14,14,18,24,27,27,28,28,28,28,28,28,27,26,26,25
24/09/95,27,29,29,27,28,28,28,26,26,27,27,28,28,27,27,27,25,19,24,20,17,23,26,19
25/09/95,16,14,13,13,19,20,25,26,24,23,22,22,22,22,21,22,22,22,22,22,32,33,30,30
26/09/95,30,30,31,32,33,31,30,30,29,29,31,32,31,31,31,30,28,26,24,18,19,15,18,22
27/09/95,22,25,24,24,27,29,28,28,30,28,30,30,29,29,29,30,29,28,25,23,22,20,19,18
28/09/95,17,12,8,6,8,10,10,11,16,25,24,24,29,30,31,31,30,29,28,27,26,26,25,15
29/09/95,15,14,14,13,13,13,14,11,22,27,28,29,28,28,29,30,25,20,10,13,10,8,5,7
30/09/95,3,3,4,6,5,2,4,2,4,17,24,29,29,29,26,22,21,21,21,20,19,15,16,14
1/10/95,12,19,26,25,27,28,30,30,29,31,31,32,31,29,27,28,28,26,25,26,25,25,25,25
2/10/95,26,26,27,26,27,27,27,27,28,28,29,30,31,31,32,32,32,33,32,32,33,33,33,33
3/10/95,33,33,32,33,35,34,30,26,24,28,30,31,32,31,30,28,28,24,22,19,18,18,26,24
4/10/95,20,21,22,26,27,28,29,34,36,34,33,34,33,33,32,30,29,28,26,25,24,25,26,27
5/10/95,27,27,27,26,25,25,26,25,25,25,25,26,29,28,28,27,27,26,25,26,26,26,25,26
6/10/95,22,17,18,21,20,22,24,25,24,23,26,30,30,31,31,30,29,29,29,28,27,28,26,25
7/10/95,23,30,29,27,25,25,24,24,25,24,29,31,31,32,31,26,24,21,21,11,12,13,17,24
8/10/95,25,26,25,25,27,30,32,31,31,30,29,32,41,49,50,50,51,51,50,50,49,47,40,34
9/10/95,28,22,20,22,25,31,37,34,34,37,37,34,31,31,32,31,29,18,13,10,8,7,4,4
10/10/95,5,6,8,16,28,29,27,29,28,29,30,32,32,31,32,31,29,25,22,16,10,10,8,6
11/10/95,5,8,8,7,8,12,17,19,19,21,20,16,14,13,12,13,11,11,12,18,17,32,38,38
12/10/95,38,38,38,36,35,33,31,30,29,29,26,24,26,26,25,22,21,24,28,34,35,33,33,34
13/10/95,35,34,33,33,34,34,36,36,36,35,35,36,35,33,33,31,31,31,28,29,27,23,18,13
14/10/95,12,14,13,12,15,16,13,16,20,27,33,38,46,48,47,43,38,28,20,15,13,10,8,9
15/10/95,11,12,13,13,23,24,23,21,20,28,29,25,24,24,25,25,25,26,24,23,22,22,21,24
16/10/95,25,28,29,31,31,28,27,26,26,27,28,30,29,27,26,26,27,24,22,16,14,16,24,24
17/10/95,23,24,24,26,30,34,32,32,31,29,31,32,32,29,30,31,32,30,29,27,27,25,26,26
18/10/95,26,21,20,23,26,28,19,19,21,22,25,28,29,29,28,27,25,24,23,22,22,24,25,27
19/10/95,27,27,26,26,25,25,27,28,31,33,32,31,32,31,31,30,27,26,25,24,23,25,28,27
20/10/95,25,23,22,21,18,16,17,16,16,19,24,29,30,30,29,20,14,12,9,5,5,6,6,5
21/10/95,5,5,7,4,5,4,5,4,2,3,7,10,12,15,17,16,14,11,10,17,20,19,26,30
22/10/95,30,31,32,34,33,34,35,38,37,37,37,36,35,34,32,30,30,33,33,32,32,30,30,31
23/10/95,31,31,31,31,32,31,31,31,30,30,29,30,30,29,29,31,32,29,28,29,25,20,19,17
24/10/95,15,15,17,20,25,28,33,34,31,30,28,27,26,28,28,27,25,26,28,27,33,34,35,36
25/10/95,35,34,29,29,28,25,24,27,29,29,30,31,31,31,31,32,31,33,33,34,33,33,32,32
26/10/95,33,33,33,33,33,34,35,35,35,    ,    ,    ,    ,    ,    ,    ,    ,    ,    ,    ,    ,    ,    ,    
27/10/95,    ,    ,    ,    ,    ,    ,    ,    ,    ,    ,    ,    ,    ,    ,    ,26,24,22,21,21,23,20,22,22
28/10/95,20,21,21,21,21,18,16,17,14,17,20,24,20,21,23,22,16,12,7,4,3,4,3,2
29/10/95,2,4,3,2,4,3,4,4,7,8,21,18,16,19,21,19,15,10,6,4,5,5,5,3
30/10/95,2,4,3,4,5,4,4,6,5,6,5,7,6,11,12,11,11,15,15,15,15,16,17,    
31/10/95,25,29,28,28,29,28,26,23,22,20,18,23,25,26,25,22,20,20,18,22,19,15,12,10
1/11/95,8,9,10,11,13,24,20,19,23,23,18,18,21,25,19,19,17,14,14,14,14,12,12,13
2/11/95,12,11,9,6,5,5,5,2,2,2,5,10,23,24,24,22,18,22,13,8,7,10,10,8
3/11/95,8,12,14,7,12,14,16,21,24,28,30,30,28,28,28,27,23,23,19,15,13,9,10,10
4/11/95,10,10,8,8,7,7,6,7,8,8,11,23,29,33,30,24,14,10,7,8,5,7,8,6
5/11/95,6,4,5,3,4,3,2,4,4,3,5,10,12,13,16,14,14,12,13,16,15,14,13,12
6/11/95,12,11,10,12,12,12,14,14,15,18,17,17,17,18,20,26,24,19,19,20,21,22,22,20
7/11/95,16,15,14,14,12,12,12,15,15,15,14,17,19,20,23,22,22,27,21,18,16,15,14,16
8/11/95,17,19,16,18,21,20,21,22,23,23,23,22,    ,20,22,17,23,23,26,24,19,26,25,24
9/11/95,21,23,11,9,8,8,10,6,7,5,9,13,24,23,18,21,21,20,19,15,13,12,12,13
10/11/95,13,9,8,11,15,14,13,16,17,20,20,24,25,25,27,29,29,31,31,31,31,30,28,29
11/11/95,31,29,28,26,23,23,24,24,22,20,20,19,18,14,13,11,13,11,7,8,10,10,10,13
12/11/95,14,10,7,5,5,5,6,6,6,8,9,11,12,11,11,12,12,11,12,14,15,15,15,15
13/11/95,14,13,14,13,13,13,11,10,10,10,10,11,11,12,12,9,7,3,2,2,2,1,2,2
14/11/95,3,2,2,3,4,3,2,3,2,3,4,    ,8,8,10,9,10,10,8,7,7,6,8,10
15/11/95,12,17,15,16,18,17,16,17,18,20,21,20,17,16,19,29,34,35,35,34,34,35,36,37
16/11/95,37,36,35,35,34,33,34,32,30,28,30,31,31,30,30,29,27,28,28,28,26,26,27,29
17/11/95,29,28,29,28,28,28,27,27,27,29,29,28,29,30,29,29,27,24,25,27,25,27,27,27
18/11/95,26,27,25,25,21,23,18,14,12,12,15,29,31,32,31,32,33,32,33,32,32,32,33,34
19/11/95,33,32,30,30,31,30,28,30,32,31,32,32,32,33,32,30,26,27,26,27,18,13,10,7
20/11/95,5,8,6,7,6,7,6,10,6,7,11,13,16,15,18,14,13,16,17,17,16,14,13,14
21/11/95,13,14,18,21,22,23,21,20,18,15,13,12,11,9,9,8,6,5,5,4,5,6,7,9
22/11/95,18,25,26,28,27,27,31,32,32,32,32,31,29,31,28,25,22,20,20,23,26,28,28,30
23/11/95,30,32,32,32,32,32,31,30,29,29,29,30,30,30,30,30,31,32,33,35,35,35,36,37
24/11/95,36,36,36,36,36,35,35,35,35,35,35,34,33,33,32,33,32,33,31,34,33,28,20,24
25/11/95,25,26,28,28,28,30,29,28,28,29,30,30,27,25,24,21,16,14,10,9,13,15,16,19
26/11/95,19,20,21,20,19,17,13,14,11,13,16,19,22,21,19,18,17,13,10,9,9,7,8,11
27/11/95,11,13,17,14,13,14,15,19,18,20,21,22,21,19,21,22,21,17,15,13,13,15,16,19
28/11/95,18,16,12,10,11,13,15,18,16,16,17,19,21,21,19,16,14,12,16,20,21,21,18,17
29/11/95,15,14,15,15,16,16,15,15,19,18,18,17,17,15,13,11,12,9,13,11,11,13,12,13
30/11/95,12,6,13,12,13,18,19,18,22,23,22,20,19,19,18,19,17,17,16,15,19,17,14,11
1/12/95,8,7,6,6,6,7,8,7,7,6,7,6,3,2,2,1,1,1,4,4,5,5,5,5
2/12/95,5,5,5,8,6,6,8,6,4,4,4,5,5,5,7,7,9,9,6,5,5,5,5,6
3/12/95,5,5,4,3,3,5,7,7,7,11,12,11,16,29,35,36,35,34,31,28,31,33,33,31
4/12/95,31,31,26,13,10,12,15,19,21,25,23,20,21,20,19,22,21,16,20,17,16,19,21,22
5/12/95,21,25,28,27,28,28,28,30,28,29,28,29,29,29,29,30,30,30,29,28,28,28,27,27
6/12/95,27,27,26,26,27,29,27,26,25,27,27,27,27,28,28,28,28,29,29,29,28,29,29,29
7/12/95,28,29,26,27,26,26,24,22,19,16,16,15,16,13,13,12,10,9,8,7,6,5,4,4
8/12/95,4,4,3,4,3,2,1,2,2,4,5,    ,5,5,4,2,1,1,1,1,1,1,1,1
9/12/95,1,1,1,1,1,1,1,1,1,1,2,2,2,2,2,2,1,1,1,1,1,2,    ,    
10/12/95,19,16,20,21,24,21,21,22,21,18,17,20,21,20,21,19,19,18,18,16,15,8,13,15
11/12/95,15,12,8,5,5,6,5,7,9,9,8,8,11,19,15,15,13,13,11,7,9,10,9,7
12/12/95,3,2,3,3,4,5,7,5,6,7,9,14,17,17,16,16,18,22,23,23,23,24,23,22
13/12/95,23,29,33,34,34,34,34,35,34,34,34,33,33,35,34,33,33,33,32,32,33,33,35,34
14/12/95,32,33,34,34,32,32,32,31,30,28,24,25,26,27,26,27,28,28,27,29,29,29,30,29
15/12/95,30,27,30,31,31,30,31,31,30,29,29,31,33,31,31,30,29,32,32,34,34,33,32,33
16/12/95,34,33,34,34,33,33,33,33,33,32,32,32,32,31,31,33,32,31,31,31,32,32,31,31
17/12/95,31,31,32,33,33,32,33,33,32,32,32,31,32,31,31,31,31,31,31,31,32,33,32,31
18/12/95,30,26,23,23,27,26,23,24,23,22,16,25,29,29,25,24,19,20,14,19,23,20,18,18
19/12/95,15,28,27,26,28,32,31,29,29,29,28,28,28,29,30,28,29,30,31,30,28,27,32,32
20/12/95,33,35,36,35,35,32,31,32,31,31,29,31,34,34,32,30,28,24,22,22,23,20,21,21
21/12/95,20,21,23,23,22,24,22,23,23,23,20,19,18,21,24,20,14,12,13,19,19,13,9,6
22/12/95,8,8,5,3,1,1,1,1,1,1,2,8,16,23,27,29,30,32,34,34,32,30,31,31
23/12/95,32,32,33,33,33,34,34,34,34,36,34,33,31,30,30,28,28,29,29,26,26,24,27,24
24/12/95,23,21,23,21,24,24,25,26,27,28,26,32,33,32,30,27,27,26,27,30,33,34,36,36
25/12/95,37,33,34,36,36,37,36,35,35,34,33,33,33,32,34,34,35,34,34,34,34,33,33,34
26/12/95,34,33,31,32,34,34,34,35,32,29,33,35,34,34,34,34,32,31,28,27,24,20,20,21
27/12/95,24,22,20,23,23,27,24,23,27,23,26,24,26,27,27,27,27,26,25,28,27,27,24,27
28/12/95,27,26,29,28,30,29,28,28,27,26,26,29,31,32,32,33,32,30,31,31,31,31,30,31
29/12/95,30,27,25,25,24,26,23,22,21,23,25,26,28,29,29,28,27,25,24,23,22,23,25,24
30/12/95,24,25,25,25,27,30,26,28,31,33,35,35,35,35,35,34,34,34,35,35,35,36,36,35
31/12/95,35,33,33,32,32,32,32,32,31,30,29,29,28,28,27,26,25,24,23,22,21,20,19,    
